블로그 제목,게임 이름,업무년도,요약,파일과 미디어
로그 누락 문제 해결,마이크로볼츠,25년도,"2024.07.23 ~ 2025.06.23 동안
일 평균 약 12만 건의 로그 누락 문제를 분석·개선하여,
누락률을 0건으로 해소,
로그 조회 신뢰성 및
운영 편의성 대폭 향상",%ED%9A%8C%EC%82%AC%20%EA%B2%BD%ED%97%98%20%EC%A0%95%EB%A6%AC/25%EB%85%84%EB%8F%84%20%ED%95%B5%EC%8B%AC%20%EC%97%85%EB%AC%B4/%EB%A1%9C%EA%B7%B8%20%EB%88%84%EB%9D%BD%20%EB%AC%B8%EC%A0%9C%20%ED%95%B4%EA%B2%B0/%EC%8A%A4%ED%81%AC%EB%A6%B0%EC%83%B7_2025-04-05_230815.png
무기 튜닝 시스템 구조 개선,마이크로볼츠,25년도,"무기 데이터 구조에서
튜닝 정보를 분리하여
신규 무기 추가 및 튜닝 확장 시
코드·데이터 수정 비용을 최소화하고,
콘텐츠 확장에 유연하게 대응할 수 있는 구조를 구축",%ED%9A%8C%EC%82%AC%20%EA%B2%BD%ED%97%98%20%EC%A0%95%EB%A6%AC/25%EB%85%84%EB%8F%84%20%ED%95%B5%EC%8B%AC%20%EC%97%85%EB%AC%B4/%EB%AC%B4%EA%B8%B0%20%ED%8A%9C%EB%8B%9D%20%EC%8B%9C%EC%8A%A4%ED%85%9C%20%EA%B5%AC%EC%A1%B0%20%EA%B0%9C%EC%84%A0/%EC%8A%A4%ED%81%AC%EB%A6%B0%EC%83%B7_2025-04-05_230815.png
출석판 시스템 개발,마이크로볼츠,25년도,"기획 데이터 기반의 확장형 출석판 시스템을 구축해, 신규/복귀 유저 이벤트 및 시즌 패스 등 다양한 출석 콘텐츠로 재활용 가능하도록 설계",%ED%9A%8C%EC%82%AC%20%EA%B2%BD%ED%97%98%20%EC%A0%95%EB%A6%AC/25%EB%85%84%EB%8F%84%20%ED%95%B5%EC%8B%AC%20%EC%97%85%EB%AC%B4/%EC%B6%9C%EC%84%9D%ED%8C%90%20%EC%8B%9C%EC%8A%A4%ED%85%9C%20%EA%B0%9C%EB%B0%9C/%EC%8A%A4%ED%81%AC%EB%A6%B0%EC%83%B7_2025-04-05_230824.png